index,url,valid,domain,title,description,image,published,archive,content,quote,language,keyword
https://www.zeit.de/zeit-magazin/wochenmarkt/2024-08/kulinarische-souvenirs-urlaub-lebensmittel-kochen,https://www.zeit.de/zeit-magazin/wochenmarkt/2024-08/kulinarische-souvenirs-urlaub-lebensmittel-kochen,0,www.zeit.de,"Kulinarische Souvenirs: ""Meeresfenchel? Da habe ich gleich ein paar Gläser voll gesammelt""","Eine Delikatesse aus der kroatischer Adria, Holzbretter aus aller Welt, Feigenblätter gegen Winterblues: Köche und Köchinnen erzählen von ihren kulinarischen Souvenirs.",https://img.zeit.de/zeit-magazin/wochenmarkt/2024-08/kulinarische-souvenirs-urlaub-lebensmittel-kochen-clemens/wide__1300x731,2024-09-01T11:17:11Z,,"Was wäre
ein Urlaub ohne Souvenir! Ob Küchengerät, frische Kräuter oder eine neue Rezeptidee:
Sieben Köchinnen und Köche verraten uns, welche kulinarischen Schätze sie aus
dem Urlaub mit nach Haus… [+858 chars]",,de,'Winter'
https://www.sueddeutsche.de/sport/gladbach-bochum-kleindienst-stoeger-bundesliga-lux.6tRf8qUQr7YHXaG9r7hmcU,https://www.sueddeutsche.de/sport/gladbach-bochum-kleindienst-stoeger-bundesliga-lux.6tRf8qUQr7YHXaG9r7hmcU,0,www.sueddeutsche.de,Kleindienst und Stöger: Frische Führungsstärke für die Borussia,Beim 2:0-Sieg gegen den VfL Bochum sind erneut die beiden Zugänge Tim Kleindienst und Kevin Stöger prägend im Spiel der Gladbacher. Mit ihrer Verpflichtung scheint die Borussia eine jahrelange Schwachstelle im Kader behoben zu haben.,https://www.sueddeutsche.de/2024/09/01/9bc221c3-9998-47ba-b7f5-44f964aa3706.jpeg?q=60&fm=webp&width=1200&rect=508%2C138%2C3162%2C1779,2024-09-01T12:48:16Z,,"Borussia Mönchengladbach ist nicht gelb und kein U-Boot, aber wenn die Fans während eines 2:0-Sieges beim VfL Bochum nach der Melodie des Beatles-Hits Yellow Submarine Mön-chen-glad-bach olé olé olé … [+3882 chars]",,de,'Frische'
https://taz.de/Eisschmelze-in-der-Antarktis/!6030879/,https://taz.de/Eisschmelze-in-der-Antarktis/!6030879/,0,taz.de,Eisschmelze in der Antarktis: MARUM-MeBo70 hat's rausgekriegt,"Mit einem Bohrer wollten Wissenschaftler herausfinden, warum das Eis in der Antarktis unterschiedlich schnell schmilzt. Nun sind die Ergebnisse da.",https://taz.de/picture/7209880/948/36281022-1.jpeg,2024-09-01T14:27:00Z,,"Mit einem Bohrer wollten Wissenschaftler herausfinden, warum das Eis in der Antarktis unterschiedlich schnell schmilzt. Nun sind die Ergebnisse da.
Der Thwaites-Gletscher in der West-Antarktis Foto:… [+3097 chars]",,de,'Eis'
https://www.bild.de/sport/fussball/leverkusen-zu-arrogant-jetzt-hier-reif-ist-live-gucken-66d478a5b59aab58dad640b0,https://www.bild.de/sport/fussball/leverkusen-zu-arrogant-jetzt-hier-reif-ist-live-gucken-66d478a5b59aab58dad640b0,0,www.bild.de,Leverkusen zu arrogant? - Jetzt HIER „Reif ist live“ gucken,"„Reif ist live“, der BILD-Talk mit Kommentatoren-Legende Marcel Reif.","https://images.bild.de/66d478a5b59aab58dad640b0/992c69c970df4567d3d242d21483f68c-landscape,997dbf1a?w=1280",2024-09-02T08:24:26Z,,"Wird es jetzt eng für die AfD? Wahlergebnis in Sachsen wird korrigiert
Wird es jetzt eng für die AfD? Wahlergebnis in Sachsen wird korrigiert
Wird es jetzt eng für die AfD? Wahlergebnis in Sachsen … [+518 chars]",,de,'Reif'
https://www.bild.de/sport/fussball/es-ist-an-der-zeit-tv-legende-bittet-mueller-um-verzeihung-66d5755f3b7fe774b3991fab,https://www.bild.de/sport/fussball/es-ist-an-der-zeit-tv-legende-bittet-mueller-um-verzeihung-66d5755f3b7fe774b3991fab,0,www.bild.de,„Es ist an der Zeit …“ - TV-Legende bittet Müller um Verzeihung!,Marcel Reif entschuldigt sich bei FC Bayern-Legende Thomas Müller.,"https://images.bild.de/66d5755f3b7fe774b3991fab/2060d427c1df1e3436733d2e552d65fc,1346e9cb?w=1280",2024-09-02T09:12:40Z,,"Mehr zum Video anzeigen 
Marcel Reif entschuldigt sich bei FC Bayern-Legende Thomas Müller.
Quelle: Bild02.09.2024 - 11:12 Uhr",,de,'Reif'
https://www.bild.de/sport/fussball/kurz-vor-ende-eingewechselt-wurde-goretzka-gedemuetigt-66d575c33b7fe774b3991faf,https://www.bild.de/sport/fussball/kurz-vor-ende-eingewechselt-wurde-goretzka-gedemuetigt-66d575c33b7fe774b3991faf,0,www.bild.de,Kurz vor Ende eingewechselt - Wurde Goretzka gedemütigt?,BILD-Experte Marcel Reif ordnet die Einwechselung von Leon Goretzka ein. Worum es genau geht – im Video!,"https://images.bild.de/66d575c33b7fe774b3991faf/bb89a0a786fb72f8012b4c9b500e55f2,4f956fb8?w=1280",2024-09-02T09:14:29Z,,"Mehr zum Video anzeigen 
BILD-Experte Marcel Reif ordnet die Einwechselung von Leon Goretzka ein. Worum es genau geht im Video!
Quelle: Bild02.09.2024 - 11:14 Uhr",,de,'Reif'
https://www.bild.de/sport/fussball/am-flughafen-bei-kerner-hochzeit-tv-scherze-ueber-klopp-foto-66d5764188d63f428ad45dda,https://www.bild.de/sport/fussball/am-flughafen-bei-kerner-hochzeit-tv-scherze-ueber-klopp-foto-66d5764188d63f428ad45dda,0,www.bild.de,Am Flughafen bei Kerner-Hochzeit - TV-Scherze über Klopp-Foto!,BILD-Experte Marcel Reif und Moderator Matthias Brügelmann Scherzen über das Klopp-Fotot am Flughafen - hier im Video!,"https://images.bild.de/66d5764188d63f428ad45dda/76ae67b43ca401ec4adbc68e4e62e509-landscape,cb0dbca1?w=1280",2024-09-02T09:58:46Z,,"Mehr zum Video anzeigen 
BILD-Experte Marcel Reif und Moderator Matthias Brügelmann Scherzen über das Klopp-Fotot am Flughafen - hier im Video!
Quelle: Bild02.09.2024 - 11:58 Uhr",,de,'Reif'
https://www.stern.de/wirtschaft/ninja-eismaschine-fuer-138-statt-230-euro--die-top-deals-am-montag-30611494.html,https://www.stern.de/wirtschaft/ninja-eismaschine-fuer-138-statt-230-euro--die-top-deals-am-montag-30611494.html,0,www.stern.de,Angebote im September: Ninja Eismaschine für 138 statt 230 Euro: Die Top Deals am Montag,"Auf Schnäppchenjagd zu gehen, ist gar nicht so einfach: Meist muss man sich mühsam Angebote zusammensuchen. Hier bekommen Sie täglich lohnende Deals bequem auf einen Blick.",https://image.stern.de/35030330/t/lA/v5/w1440/r1.7778/-/deals-und-angebote-ninja-eismaschine-aufmacher.jpg,2024-09-02T12:39:00Z,,"Auf Schnäppchenjagd zu gehen, ist gar nicht so einfach: Meist muss man sich mühsam Angebote zusammensuchen. Hier bekommen Sie lohnende Deals bequem auf einen Blick. 
Vielleicht kennen Sie das: Um ei… [+4790 chars]",,de,'Eis'
https://www.stern.de/genuss/angebot--die-ninja-eismaschine-creami-guenstig-kaufen-35030816.html,https://www.stern.de/genuss/angebot--die-ninja-eismaschine-creami-guenstig-kaufen-35030816.html,0,www.stern.de,Küchengerät im Angebot: Cremiges Eis in Minuten: Wie gut ist die Ninja-Creami-Eismaschine?,Die Ninja-Eismaschine Creami soll ihrem Namen alle Ehre machen und besonders cremiges Eis zaubern können. Der stern hat das Gerät getestet. Aktuell ist es im Angebot.,https://image.stern.de/34930198/t/Jj/v5/w1440/r1.7778/-/ninja-creami-eismaschine-test.jpg,2024-09-02T14:07:00Z,,Ob heiß oder kalt: Die Marke Ninja soll in vielerlei Hinsicht überzeugen. Im stern-Test schnitt die Heißluftfritteuse der Trendmarke sehr gut ab. Aber kann sie auch mit ihrer Eismaschine gute Ergebni… [+8772 chars],,de,'Eis'
https://steiermark.orf.at/stories/3271484/,https://steiermark.orf.at/stories/3271484/,0,steiermark.orf.at,Graz99ers gehen optimistisch in die Saison,"In drei Wochen wird die neue formierte Mannschaft der Graz 99ers das erste Pflichtspiel bestreiten. Die Saisonziele sind hoch gesteckt – und es herrscht große Zuversicht, dass in Graz heuer attraktiver Eishockeysport geboten wird.",https://ibs.orf.at/stm?image=https%3A%2F%2Foekastatic.orf.at%2Fmims%2F2024%2F32%2F31%2Fcrops%2Fw%3D1200%2Ch%3D627%2Cq%3D75%2F2307049_master_878231_a3fdd336-fa44-4514-8bb0-712302b2c522.jpg%3Fs%3D3751322a14e8b5c8b50d4cd7c03e324fc1c01c99,2024-09-02T16:30:00Z,,"Augsburger Panther, Kölner Haie, Mannheim Adler und Olympia Laibach es waren vier hochkarätige Testspielgegner bislang für die 99ers, bei denen heuer gleich 19 neue Spieler unter Vertrag stehen. Die … [+3640 chars]",,de,'Eis'
https://www.stern.de/panorama/wissen/-la-ni%C3%B1a---droht-uns-jetzt-ein-frueher-wintereinbruch--35030300.html,https://www.stern.de/panorama/wissen/-la-ni%C3%B1a---droht-uns-jetzt-ein-frueher-wintereinbruch--35030300.html,0,www.stern.de,"Wetterphänomene: Droht uns ein früher Wintereinbruch durch ""La Niña""?","Nicht nur der Sommer geht zu Ende. Auch die Rekordhitze des Wetterphänomens ""El Niño"" wird abgelöst: durch die kühle ""La Niña"". Aber das bringt nicht zwingend Eis und Kälte zu uns.",https://image.stern.de/35030304/t/rz/v3/w1440/r1.7778/-/wetter-la-ni%C3%B1a-kalter-winter.jpg,2024-09-02T16:31:00Z,,"Erwartet uns wegen ""La Niña"" ein besonders kalter Winter? 
So einfach ist es nicht: Zwar rechnet die UN-Weltwetterorganisation WMO (World Meteorological Organization) für die kommenden Monate mit ei… [+517 chars]",,de,'Eis'
https://www.stern.de/wirtschaft/ninja-eismaschine-fuer-135-statt-230-euro--die-top-deals-am-dienstag-30611494.html,https://www.stern.de/wirtschaft/ninja-eismaschine-fuer-135-statt-230-euro--die-top-deals-am-dienstag-30611494.html,0,www.stern.de,Angebote im September: Ninja Eismaschine für 135 statt 230 Euro: Die Top-Deals am Dienstag,"Auf Schnäppchenjagd zu gehen, ist gar nicht so einfach: Meist muss man sich mühsam Angebote zusammensuchen. Hier bekommen Sie täglich lohnende Deals bequem auf einen Blick.",https://image.stern.de/35030330/t/lA/v5/w1440/r1.7778/-/deals-und-angebote-ninja-eismaschine-aufmacher.jpg,2024-09-03T06:07:00Z,,"Auf Schnäppchenjagd zu gehen, ist gar nicht so einfach: Meist muss man sich mühsam Angebote zusammensuchen. Hier bekommen Sie lohnende Deals bequem auf einen Blick. 
Vielleicht kennen Sie das: Um ei… [+4790 chars]",,de,'Eis'
https://www.tagesschau.de/wirtschaft/unternehmen/winterkorn-hauptverfahren-auftakt-100.html,https://www.tagesschau.de/wirtschaft/unternehmen/winterkorn-hauptverfahren-auftakt-100.html,0,www.tagesschau.de,Ex-VW-Boss Winterkorn wegen Dieselskandals vor Gericht,Neun Jahre nach Bekanntwerden millionenfachen Dieselbetrugs bei VW steht erstmals der damalige Vorstandschef Winterkorn vor Gericht. Ob der Prozess mehr Licht ins Dunkel des Abgasskandals bringt? Von Hilke Janssen.,https://images.tagesschau.de/image/92dca0ff-8294-4191-9d7a-b988a7db6d3a/AAABkZ8hfFw/AAABkZLhkrw/16x9-1280/winterkorn-200.jpg,2024-09-03T06:07:24Z,,"Stand: 03.09.2024 08:07 Uhr
Neun Jahre nach Bekanntwerden millionenfachen Dieselbetrugs bei VW steht erstmals der damalige Vorstandschef Winterkorn vor Gericht. Ob der Prozess mehr Licht ins Dunkel … [+3993 chars]",,de,'Winter'
https://www.diepresse.com/18822247/oliven-aepfel-und-tomaten-wo-hitze-frost-und-regen-europas-ernten-gefaehrden,https://www.diepresse.com/18822247/oliven-aepfel-und-tomaten-wo-hitze-frost-und-regen-europas-ernten-gefaehrden,0,www.diepresse.com,"Oliven, Äpfel und Tomaten: Wo Hitze, Frost und Regen Europas Ernten gefährden [premium]",Die Wetterkapriolen im Frühling und Sommer stellen die europäischen Landwirte vor große Probleme. Quer über den Kontinent fallen die Ernten deutlich geringer aus. Auch die Qualität leidet – zumindest fast immer.,https://img.diepresse.com/public/incoming/dxqcsl-GettyImages-2165443944.jpg/alternates/DPR_SOCIAL_NACHRICHTEN/GettyImages-2165443944.jpg,2024-09-03T08:26:36Z,,Die Wetterkapriolen im Frühling und Sommer stellen die europäischen Landwirte vor große Probleme. Quer über den Kontinent fallen die Ernten deutlich geringer aus. Auch die Qualität leidet zumindest f… [+833 chars],,de,'Frost'
https://www.appgefahren.de/eve-thermo-control-zur-heizungssteuerung-ab-sofort-verfuegbar-364709.html,https://www.appgefahren.de/eve-thermo-control-zur-heizungssteuerung-ab-sofort-verfuegbar-364709.html,0,www.appgefahren.de,Eve Thermo Control zur Heizungssteuerung ab sofort verfügbar,"Aktuell denke ich noch rein gar nichts ans Heizen. Morgen machen wir uns auf nach Berlin und während unserer IFA-Tage sind über 30 Grad Celsius angekündigt. Falls ihr schon kühlere Gedanken fassen könnt, dürft ihr euch ab sofort mit dem Eve Thermo Control bes…",https://www.appgefahren.de/wp-content/uploads/2024/09/Eve_Thermo_Control_Lifestyle_03.jpg,2024-09-03T08:28:32Z,,Aktuell denke ich noch rein gar nichts ans Heizen. Morgen machen wir uns auf nach Berlin und während unserer IFA-Tage sind über 30 Grad Celsius angekündigt. Falls ihr schon kühlere Gedanken fassen kö… [+2100 chars],,de,'Heizen'
https://www.golem.de/sonstiges/zustimmung/auswahl.html?from=https://www.golem.de/news/astronomie-warum-gerade-monde-keine-ringsysteme-haben-2409-188644.html&referer=https://t.co/46d78bf88e,https://www.golem.de/sonstiges/zustimmung/auswahl.html?from=https://www.golem.de/news/astronomie-warum-gerade-monde-keine-ringsysteme-haben-2409-188644.html&referer=https://t.co/46d78bf88e,0,www.golem.de,Astronomie: Warum gerade Monde keine Ringsysteme haben,"Eine Studie geht der Frage nach, warum es im Sonnensystem keine Ringsysteme aus Staub und Eis um Monde gibt. (Astronomie, Wissenschaft)",,2024-09-03T09:32:02Z,,"Besuchen Sie Golem.de wie gewohnt mit Werbung und Tracking,
 indem Sie der Nutzung aller Cookies zustimmen.
 Details zum Tracking finden Sie im Privacy Center.
Skript wurde nicht geladen. Informat… [+607 chars]",,de,'Eis'
https://www.diepresse.com/18822433/was-kann-eis-mit-einem-michelin-stern,https://www.diepresse.com/18822433/was-kann-eis-mit-einem-michelin-stern,0,www.diepresse.com,Was kann Eis mit einem Michelin-Stern?,"Das Minimal in Taiwan ist das erste Lokal weltweit, das ausschließlich Eiskreationen serviert und nun mit einem Michelin-Stern ausgezeichnet wurde.",https://img.diepresse.com/public/incoming/z9fr6l-minimal-taiwan2.jpg/alternates/DPR_SOCIAL_MAGAZIN/minimal-taiwan2.jpg,2024-09-03T09:41:42Z,,"Das Minimal in Taiwan ist das erste Lokal weltweit, das ausschließlich Eiskreationen serviert und nun mit einem Michelin-Stern ausgezeichnet wurde. 
Dass Imbissstände einen Michelin-Stern bekommen k… [+1658 chars]",,de,'Eis'
https://www.iphone-ticker.de/eve-thermo-raumkomfort-set-heizungs-komplettloesung-fuer-apple-home-241130/,https://www.iphone-ticker.de/eve-thermo-raumkomfort-set-heizungs-komplettloesung-fuer-apple-home-241130/,0,www.iphone-ticker.de,Eve Thermo Raumkomfort-Set: Heizungs-Komplettlösung für Apple Home,Der für seine Smart-Home-Komponenten bekannte Anbieter Eve Systems erweitert sein Portfolio an Matter-Geräte um den neuen Temperatursensor und -regler Eve Thermo Control. Dieser ist als Ergänzung für das bereits erhältliche Heizkörperthermostat „Eve Thermo“ g…,https://images.iphone-ticker.de/wp-content/uploads/2024/09/eve-thermo-control-feature.jpg,2024-09-03T10:01:29Z,,Der für seine Smart-Home-Komponenten bekannte Anbieter Eve Systems erweitert sein Portfolio an Matter-Geräte um den neuen Temperatursensor und -regler Eve Thermo Control. Dieser ist als Ergänzung für… [+1591 chars],,de,'Heizung'
https://www.stern.de/gesellschaft/regional/nordrhein-westfalen/sauerland--skigebiete-setzen-zunehmend-auf-allwetter-schnee-erzeuger-35034358.html,https://www.stern.de/gesellschaft/regional/nordrhein-westfalen/sauerland--skigebiete-setzen-zunehmend-auf-allwetter-schnee-erzeuger-35034358.html,0,www.stern.de,Sauerland: Skigebiete setzen zunehmend auf Allwetter-Schnee-Erzeuger,"Das Skivergnügen sichern im Sauerland längst auch Schneekanonen. Doch die brauchen Minusgrade. Einige Skigebiete investieren daher verstärkt in Anlagen, die die Kälte selbst erzeugen.",https://image.stern.de/35034360/t/_s/v1/w1440/r1.7778/-/03--ekirrazrsgv14axw800h600jpeg---cb785ef033d07df2.jpg,2024-09-03T15:06:02Z,,"Das Skivergnügen sichern im Sauerland längst auch Schneekanonen. Doch die brauchen Minusgrade. Einige Skigebiete investieren daher verstärkt in Anlagen, die die Kälte selbst erzeugen.
Mit Investitio… [+1745 chars]",,de,'Schnee'
https://www.autobild.de/artikel/heizen-im-e-auto-neue-technologie-von-kia-spart-strom-26420607.html,https://www.autobild.de/artikel/heizen-im-e-auto-neue-technologie-von-kia-spart-strom-26420607.html,0,www.autobild.de,Diese Heizung spart ein Fünftel an Energie im Elektroauto,"Kühlung und Heizung im E-Auto verschlingen viel Energie, die dem Fahr-Akku für die Reichweite fehlt. Jetzt hat Kia neue Technologien entwickelt, die das Auskühlen bzw. Aufheizen des Auto-Innenraums verhindern sollen.",https://i.auto-bild.de/ir_img/3/6/6/0/4/3/9/2480d8673ce8ffe9.jpg?impolicy=og_images,2024-09-04T04:00:00Z,,"Kia-Modelle jetzt probefahren
Kia EV9",,de,'Heizung'
https://www.kicker.de/spaetberufener-stoeger-wenn-man-gas-gibt-wird-man-irgendwann-belohnt-1048941/artikel,https://www.kicker.de/spaetberufener-stoeger-wenn-man-gas-gibt-wird-man-irgendwann-belohnt-1048941/artikel,0,www.kicker.de,"Spätberufener Stöger: ""Wenn man Gas gibt, wird man irgendwann belohnt""","Im reifen Alter von 31 Jahren steht Kevin Stöger vor seinem Debüt für das österreichische Nationalteam. Öffentliche Kritik dafür, dass er bis dato nicht berücksichtigt wurde, wäre für den Spielmacher tabu.",https://derivates.kicker.de/image/upload/c_crop%2Cx_0%2Cy_40%2Cw_842%2Ch_474/w_1200%2Cq_auto/v1/2024/09/04/ed63a5da-bc56-4633-9768-965446b40a06.jpeg,2024-09-04T13:08:08Z,,"Im reifen Alter von 31 Jahren steht Kevin Stöger vor seinem Debüt für das österreichische Nationalteam. Öffentliche Kritik dafür, dass er bis dato nicht berücksichtigt wurde, wäre für den Spielmacher… [+3680 chars]",,de,'Gas'
https://www.n-tv.de/politik/Bundesregierung-Ausbau-der-Geothermie-liegt-im-ueberragenden-oeffentlichen-Interesse-article25205131.html,https://www.n-tv.de/politik/Bundesregierung-Ausbau-der-Geothermie-liegt-im-ueberragenden-oeffentlichen-Interesse-article25205131.html,0,www.n-tv.de,Geothermie vernachlässigt: Ampel will zum Heizen verstärkt Erdwärme anzapfen,"Nach Einschätzung der Bundesregierung könnte für gut ein Viertel der benötigten Wärme in Deutschland durch Erdwärme in tieferen Gesteinslagen gewonnen werden. Um den Bau von Großanlagen zu beschleunigen, gewichtet die Ampel etwa den Naturschutz und das Bergre…",https://bilder3.n-tv.de/img/incoming/crop25205130/5931324214-cImg_16_9-w1200/474040789.jpg,2024-09-04T15:49:26Z,,Nach Einschätzung der Bundesregierung könnte für gut ein Viertel der benötigten Wärme in Deutschland durch Erdwärme in tieferen Gesteinslagen gewonnen werden. Um den Bau von Großanlagen zu beschleuni… [+2797 chars],,de,'Heizen'
https://www.focus.de/panorama/aus-aller-welt/england-plant-rauchverbot-im-freien-gastronomie-experten-laufen-sturm_7c13912d-9f4f-446e-a44f-485ad1100790.html,https://www.focus.de/panorama/aus-aller-welt/england-plant-rauchverbot-im-freien-gastronomie-experten-laufen-sturm_7c13912d-9f4f-446e-a44f-485ad1100790.html,0,www.focus.de,In Pubs und Biergärten - England plant Rauchverbot im Freien – Gastronomie-Experten laufen Sturm,England plant ein Rauchverbot an öffentlichen Orten wie Sportplätzen und Biergärten. Gastronomie-Experten befürchten negative Effekte eines möglichen Verbots.,https://quadro.burda-forward.de/ctf/055344a0-6538-4010-aaa5-f6d2203818e0.ef840021-9c8a-4126-aa5b-8a3733929ea7.jpg?im=RegionOfInterestCrop%3D%281200%2C630%29%2CregionOfInterest%3D%281138%2C423%29&hash=67467034f8ab0c2d541e68d321c1dc5ab680f32d4fc04683832160ff8f736fe2,2024-09-04T15:55:00Z,,"Die neue Labour-Regierung in England plant ein Rauchverbot an verschiedenen öffentlichen Orten. Wie die Sun berichtet, fallen darunter Sportplätze, Universitätsgelände und Biergärten. Laut der Süddeu… [+2374 chars]",,de,'Gas'
"https://www.gamestar.de/artikel/bester-gasgrill-deutschland-7-brenner-steak-grillen-anleitung,3419037.html","https://www.gamestar.de/artikel/bester-gasgrill-deutschland-7-brenner-steak-grillen-anleitung,3419037.html",0,www.gamestar.de,Deals: Deutscher Gasgrill - Der „Mehr-geht-nicht-Grill“ aus dem Allgäu schlägt alles! [Anzeige],"Mit Glasdeckel, pulverbeschichtetem Edelstahl und insgesamt 7 Gas-Brennern plus 800° Steak-Zone: Dieser Allgäuer Gasgrill von der deutschen Traditionsmarke Rösle im Amazon-Angebot gehört zu den besten Grills!",https://images.cgames.de/images/gamestar/4/teaserbild-rösle-gasgrill-videro-g6-s-6-brenner-keramikbrenner-steak_6308553.jpg,2024-09-04T16:05:00Z,,"Edelstahl, spitzenmäßige Verarbeitungsqualität und Vollausstattung mit sieben Brennern plus Keramikbrenner: Dieser XXL-Gasgrill ist 'Made in Germany' und im Amazon-Angebot.
Ein wahres Top-Modell in … [+4807 chars]",,de,'Gas'
https://www.n-tv.de/politik/02-22-Im-Winter-stehen-Ukrainern-Stromausfaelle-von-zwoelf-Stunden-oder-mehr-bevor--article23143824.html,https://www.n-tv.de/politik/02-22-Im-Winter-stehen-Ukrainern-Stromausfaelle-von-zwoelf-Stunden-oder-mehr-bevor--article23143824.html,0,www.n-tv.de,Ukraine-Krieg im Liveticker: +++ 02:22 Im Winter stehen Ukrainern Stromausfälle von zwölf Stunden oder mehr bevor +++,Lesen Sie alle aktuellen Entwicklungen und Nachrichten über den russischen Angriffskrieg auf die Ukraine im Liveticker von ntv.de.,https://bilder3.n-tv.de/img/incoming/crop25117070/4231326595-cImg_16_9-w1200/Ukraine-Liveticker.jpg,2024-09-04T22:24:00Z,,Die Menschen in der Ukraine müssen sich im kommenden Herbst und Winter einer Prognose zufolge auf tägliche Stromausfälle von mindestens zwölf Stunden einstellen. Im pessimistischen Szenario seien es … [+6056 chars],,de,'Winter'
https://www.n-tv.de/politik/11-44-Putin-Deutschland-koennte-immer-noch-Gas-ueber-Nord-Stream-beziehen--article23143824.html,https://www.n-tv.de/politik/11-44-Putin-Deutschland-koennte-immer-noch-Gas-ueber-Nord-Stream-beziehen--article23143824.html,0,www.n-tv.de,Ukraine-Krieg im Liveticker: +++ 11:44 Putin: Deutschland könnte immer noch Gas über Nord-Stream beziehen +++,Lesen Sie alle aktuellen Entwicklungen und Nachrichten über den russischen Angriffskrieg auf die Ukraine im Liveticker von ntv.de.,https://bilder3.n-tv.de/img/incoming/crop25117070/4231326595-cImg_16_9-w1200/Ukraine-Liveticker.jpg,2024-09-04T22:24:00Z,,"Russlands Präsident Wladimir Putin verweist darauf, dass eine der in der Ostsee verlegten Nord-Stream-Pipelines noch intakt ist. Nichts stehe Deutschland im Wege, Gas über diese Röhre zu beziehen. Dr… [+16884 chars]",,de,'Gas'
https://www.stern.de/gesellschaft/regional/sachsen-anhalt/energieversorgung--verbraucher-koennen-auf-sinkende-gaspreise-hoffen-35038472.html,https://www.stern.de/gesellschaft/regional/sachsen-anhalt/energieversorgung--verbraucher-koennen-auf-sinkende-gaspreise-hoffen-35038472.html,0,www.stern.de,Energieversorgung: Verbraucher können auf sinkende Gaspreise hoffen,In der Corona-Pandemie und mit dem Ukraine-Krieg sind die Energiepreise stark angestiegen. Inzwischen stabilisieren sich die Preise wieder. Kunden können davon profitieren.,https://image.stern.de/35038474/t/Mz/v1/w1440/r1.7778/-/05--bznxzxxae3v10axw800h600jpeg---bf99b4af384b126c.jpg,2024-09-05T02:30:36Z,,"In der Corona-Pandemie und mit dem Ukraine-Krieg sind die Energiepreise stark angestiegen. Inzwischen stabilisieren sich die Preise wieder. Kunden können davon profitieren.
In Sachsen-Anhalt können … [+2636 chars]",,de,'Gas'
https://www.zeit.de/news/2024-09/05/verbraucher-koennen-auf-sinkende-gaspreise-hoffen,https://www.zeit.de/news/2024-09/05/verbraucher-koennen-auf-sinkende-gaspreise-hoffen,0,www.zeit.de,Energieversorgung: Verbraucher können auf sinkende Gaspreise hoffen,Hier finden Sie Informationen zu dem Thema „Energieversorgung“. Lesen Sie jetzt „Verbraucher können auf sinkende Gaspreise hoffen“.,https://img.zeit.de/news/2024-09/05/verbraucher-koennen-auf-sinkende-gaspreise-hoffen-image-group/wide__1300x731,2024-09-05T02:30:36Z,,"In Sachsen-Anhalt können Verbraucher auf sinkende Gaspreise hoffen. Mehrere Stadtwerke haben angekündigt, die Preise demnächst zu senken oder haben dies bereits getan. Das ergab eine Umfrage der Deut… [+3534 chars]",,de,'Gas'
https://www.n-tv.de/wirtschaft/Osterreich-haengt-noch-immer-am-Tropf-von-Gazprom-article25206039.html,https://www.n-tv.de/wirtschaft/Osterreich-haengt-noch-immer-am-Tropf-von-Gazprom-article25206039.html,0,www.n-tv.de,Wann ist damit Schluss?: Österreich hängt noch immer am Tropf von Gazprom,"Unsere Nachbarn in Österreich sind stark abhängig von russischem Gas. Wenn die Ukraine den Transit einstellt, wäre Schluss mit diesen Lieferungen. Technische Alternativen gibt es längst. Doch wie teuer wird dann der Winter in Wien?",https://bilder4.n-tv.de/img/Podcast/crop25206035/9191327376-cImg_16_9-w1200/imago0164163923h.jpg,2024-09-05T08:00:00Z,,"Unsere Nachbarn in Österreich sind stark abhängig von russischem Gas. Wenn die Ukraine den Transit einstellt, wäre Schluss mit diesen Lieferungen. Technische Alternativen gibt es längst. Doch wie teu… [+2842 chars]",,de,'Gas'
https://www.stern.de/wirtschaft/news/energie--putin-will-weiter-gas-nach-europa-liefern-35040830.html,https://www.stern.de/wirtschaft/news/energie--putin-will-weiter-gas-nach-europa-liefern-35040830.html,0,www.stern.de,Energie: Putin will weiter Gas nach Europa liefern,Zu Kriegsbeginn hatte Moskau Europa das Gas abgedreht. Nun bietet Präsident Putin es wieder an und bringt angesichts des drohenden Transitstopps durch die Ukraine Nord Stream 2 erneut ins Spiel.,https://image.stern.de/35040832/t/br/v1/w1440/r1.7778/-/05--uqmieyhn4wv20axw800h600jpeg---e1447de653b8bce6.jpg,2024-09-05T13:48:15Z,,"Zu Kriegsbeginn hatte Moskau Europa das Gas abgedreht. Nun bietet Präsident Putin es wieder an und bringt angesichts des drohenden Transitstopps durch die Ukraine Nord Stream 2 erneut ins Spiel.
Kre… [+1863 chars]",,de,'Gas'
https://www.focus.de/finanzen/news/energie-putin-will-weiter-gas-nach-europa-liefern_id_260287154.html,https://www.focus.de/finanzen/news/energie-putin-will-weiter-gas-nach-europa-liefern_id_260287154.html,0,www.focus.de,Energie - Putin will weiter Gas nach Europa liefern,Zu Kriegsbeginn hatte Moskau Europa das Gas abgedreht. Nun bietet Präsident Putin es wieder an und bringt angesichts des drohenden Transitstopps durch die Ukraine Nord Stream 2 erneut ins Spiel.,https://p6.focus.de/img/finanzen/news/id_260287153/russlands-praesident-wladimir-putin-hat-erneut-die-inbetriebnahme-der-gasleitung-nord-stream-2-vorgeschlagen..jpg?im=Crop%3D%280%2C170%2C2048%2C1024%29%3BResize%3D%281200%2C627%29&impolicy=perceptual&quality=mediumHigh&hash=6d91bd6b04fd4658e77924e4cc23acc5bcd21a0cfc70cbc5d6c28da7174c86e2,2024-09-05T13:50:04Z,,Kremlchef Wladimir Putin hat Moskaus Bereitschaft zur Fortsetzung des Transits russischen Gases durch die Ukraine nach Europa bekräftigt. «Denn wir und der Konzern Gazprom wollen unsere Verpflichtung… [+1621 chars],,de,'Gas'
https://www.dw.com/de/schon-kleinkinder-essen-zu-s%C3%BC%C3%9F-und-ungesund/a-70142924,https://www.dw.com/de/schon-kleinkinder-essen-zu-s%C3%BC%C3%9F-und-ungesund/a-70142924,0,www.dw.com,Schon Kleinkinder essen zu süß und ungesund,"Ob Pizza, Eis oder Softdrinks: Kleinkinder in Deutschland essen zu viel Ungesundes und viel zu wenige gesunde Lebensmittel wie Gemüse - vor allem Jungen. Das hat fatale Folgen für ihr späteres Leben, warnen Fachleute.",https://static.dw.com/image/64833821_6.jpg,2024-09-05T14:04:00Z,,"Morgens süße Frühstücksflocken, für die Kita ein paar Schokoriegel und zwischendurch mal eben ein süßer Quetschi:
Die Menge an ungesunden Lebensmitteln, die Klein- und Vorschulkinder in Deutschland … [+2584 chars]",,de,'Eis'
https://www.kicker.de/nhl-25-gameplay-neuerungen-im-deep-dive-1049284/video,https://www.kicker.de/nhl-25-gameplay-neuerungen-im-deep-dive-1049284/video,0,www.kicker.de,NHL 25: Gameplay-Neuerungen im Deep Dive,Video: Die nächste Runde auf dem virtuellen Eis: NHL 25 erscheint am 27. September und hat einige Neuerungen für das Gameplay im Gepäck. Der Deep-Dive-Trailer zeigt unter anderem ICE-Q und die verbesserte KI.,https://derivates.kicker.de/image/upload/c_crop%2Cx_0%2Cy_0%2Cw_1500%2Ch_844/w_1200%2Cq_auto/v1/2024/09/05/0be94696-45ea-4acd-bdc2-1806a6ba93d2.png,2024-09-05T18:28:25Z,,"Werbung und Tracking: Um dir relevante Inhalte und personalisierte Werbung anzubieten, setzen wir Cookies und andere Technologien ein. Damit messen wir, wie und womit du unsere Angebote nutzt. Diese … [+1979 chars]",,de,'Eis'
https://www.stern.de/auto/neue-reifen-regel--fuer-diese-pneus-gelten-ab-oktober-strafen-35040150.html,https://www.stern.de/auto/neue-reifen-regel--fuer-diese-pneus-gelten-ab-oktober-strafen-35040150.html,0,www.stern.de,Mobilität: Ab dem 1. Oktober drohen Strafen: Diese Autoreifen sollten Sie nicht mehr fahren,"Besitzer von alten Reifen aufgepasst: Ende September läuft die Übergangsfrist für Pneus mit einer bestimmten Kennzeichnung aus. Wer damit im Winter erwischt wird, muss zahlen.",https://image.stern.de/35040148/t/iI/v4/w1440/r1.7778/-/reifen-winterreifen-m-s.jpg,2024-09-06T06:05:00Z,,"Ein vollständiges Verbot, wie viele Medien schreiben, ist es nicht. Aber: Wer ab dem 1. Oktober mit Reifen unterwegs ist, auf denen lediglich das ""M+S""-Symbol zu finden ist, muss ganz genau aufs Wett… [+3145 chars]",,de,'Eis'
https://www.stern.de/gesundheit/geschwollene-fuesse--oekotest-empfiehlt-5-lindernde-kuehlgele-34934140.html,https://www.stern.de/gesundheit/geschwollene-fuesse--oekotest-empfiehlt-5-lindernde-kuehlgele-34934140.html,0,www.stern.de,Kühlende Cremes: Dicke und warme Füße: Ökotest prüft Eisgel – und vergibt fünf Bestnoten,"Schwellen Ihre Füße auch an, wenn Sie den ganzen Tag auf den Beinen sind? Mit einem Fußgel sollen die Symptome gelindert werden. Ob das funktioniert, hat Ökotest untersucht.",https://image.stern.de/34934142/t/eX/v6/w1440/r1.7778/-/geschwollene-fuesse.jpg,2024-09-06T06:15:00Z,,"Insgesamt 14 verschiedene Produkte (darunter auch zertifizierte Naturkosmetik) aus Drogerien, Bio-Supermärkten, Discountern und dem Onlinehandel wurden von Ökotest genauer in Augenschein genommen. Ge… [+3939 chars]",,de,'Eis'
https://www.zeit.de/wirtschaft/2024-09/klimapolitik-fossile-energie-bsw-afd-populismus-russland,https://www.zeit.de/wirtschaft/2024-09/klimapolitik-fossile-energie-bsw-afd-populismus-russland,0,www.zeit.de,Klimapolitik: Livechat: Frieden geht nur postfossil?,"AfD und BSW sind gegen Windräder und setzen auf billiges Gas aus Russland. Doch ein Zurück ist unmöglich, schreibt Gastautor Felix Ekardt. Diskutieren Sie jetzt mit ihm.",https://img.zeit.de/wirtschaft/2024-09/klimapolitik-fossile-energie-bsw-afd-populismus/wide__1300x731,2024-09-06T08:07:44Z,,"Inhalt
Auf einer Seite lesen
 Inhalt
<ol><li>Seite 1Livechat: Frieden geht nur postfossil?
</li><li>Seite 2Ein Zurück in die gute alte Welt gibt es nicht</li></ol>
Felix
Ekardt forscht als Leit… [+4019 chars]",,de,'Heizen'
https://www.sueddeutsche.de/leben/h-m-wandern-parfuem-glow-lux.GgGH2AMUFmbGFvzDip4bZW,https://www.sueddeutsche.de/leben/h-m-wandern-parfuem-glow-lux.GgGH2AMUFmbGFvzDip4bZW,0,www.sueddeutsche.de,Haben & Sein: Alles für den September-Sommer,"Komm, bleib doch noch ein bisschen! Sechs Produktnews, mit denen sich die beste Zeit des Jahres hinauszögern lässt: mit edlem Eis, südlichem Duft, Atlantikhandtüchern und neuen Wandersachen.",https://www.sueddeutsche.de/2024/09/06/8b2253d7-da47-45b3-bc11-b27ca1fb5ab5.jpeg?q=60&fm=webp&width=1200&rect=0%2C330%2C1024%2C576,2024-09-06T09:02:16Z,,"Eis mit Stil
Zum echten Sommerferiengefühl gehörte in den vergangenen Wochen natürlich auch ein gutes Eis, am besten täglich. Ein besonders gutes neues Eis ist jetzt in München entstanden, und zwar … [+3894 chars]",,de,'Eis'
https://www.horizont.net/medien/nachrichten/mit-pamela-reif-stefan-raab-heizt-vorfreude-auf-kampf-mit-neuem-video-an-222440,https://www.horizont.net/medien/nachrichten/mit-pamela-reif-stefan-raab-heizt-vorfreude-auf-kampf-mit-neuem-video-an-222440,0,www.horizont.net,Mit Pamela Reif: Stefan Raab heizt Vorfreude auf Kampf mit neuem Video an,"Am 14. September steigt Stefan Raab für seinen finalen Boxkampf gegen Regina Halmich noch einmal in den Ring. Acht Tage zuvor heizt der Entertainer die Vorfreude der Fans mit einem neuen Instagram-Video an, das allerdings Zweifel an seiner körperlichen Fitnes…",https://www.horizont.net/news/media/45/Stefan-Raab--Teaser-Boxkampf--Instagram-448924.png,2024-09-06T11:17:00Z,,Am 14. September steigt Stefan Raab für seinen finalen Boxkampf gegen Regina Halmich noch einmal in den Ring. Acht Tage zuvor heizt der Entertainer die Vorfreude der Fans mit einem neuen Instagram-Vi… [+380 chars],,de,'Reif'
https://sport.orf.at/stories/3132136/,https://sport.orf.at/stories/3132136/,0,sport.orf.at,KAC und Salzburg nehmen CHL in Angriff,"Der KAC und Red Bull Salzburg gehen am Freitag in die Jubiläumssaison der Champions Hockey League (CHL). Die Klagenfurter stehen zum Auftakt beim französischen Meister Rouen Dragons (20.00 Uhr) auf dem Eis, der ICE-Champion aus Salzburg empfängt im Volksgarte…",https://ibs.orf.at/sport?image=https%3A%2F%2Fassets.orf.at%2Fmims%2F2024%2F36%2F38%2Fcrops%2Fw%3D1200%2Ch%3D630%2Cq%3D75%2F2339897_master_891738_eishockey_vor_champions_hockey_league_chl_g.jpg%3Fs%3D6ef0f51680280a36d7303f090405324fb40315a8,2024-09-06T11:31:34Z,,"Die erstmals 2014 ausgetragene CHL soll dem heimischen Duo auch heuer dazu dienen, gegen die starke Konkurrenz aus Skandinavien, der Schweiz und Tschechien Erfahrung zu sammeln. Für die Fans sind vor… [+3007 chars]",,de,'Eis'
https://www.stern.de/wirtschaft/ninja-creami-eismaschine-fuer-138-statt-230-euro--die-top-deals-am-wochenende-30611494.html,https://www.stern.de/wirtschaft/ninja-creami-eismaschine-fuer-138-statt-230-euro--die-top-deals-am-wochenende-30611494.html,0,www.stern.de,Angebote im September: Ninja Eismaschine für 138 statt 230 Euro: Die Top-Deals am Wochenende,"Auf Schnäppchenjagd zu gehen, ist gar nicht so einfach: Meist muss man sich mühsam Angebote zusammensuchen. Hier bekommen Sie täglich lohnende Deals bequem auf einen Blick.",https://image.stern.de/35030330/t/lA/v5/w1440/r1.7778/-/deals-und-angebote-ninja-eismaschine-aufmacher.jpg,2024-09-06T15:12:00Z,,"Auf Schnäppchenjagd zu gehen, ist gar nicht so einfach: Meist muss man sich mühsam Angebote zusammensuchen. Hier bekommen Sie lohnende Deals bequem auf einen Blick. 
Vielleicht kennen Sie das: Um ei… [+5882 chars]",,de,'Eis'
https://www.zeit.de/2024/38/bars-tallinn-restaurant-cocktail-kreation,https://www.zeit.de/2024/38/bars-tallinn-restaurant-cocktail-kreation,0,www.zeit.de,Bars in Tallinn: Tallinn,"Barkeeper weisen den Weg: In Tallinn zwingt Haselnusslikör unseren Autor aus seiner Komfortzone, er trifft einen übergroßen Freud und träumt von Affenhirn auf Eis.",https://img.zeit.de/2024/38/bars-tallinn-restaurant-teaser/wide__1300x731,2024-09-06T17:26:05Z,,"In der viertnördlichsten Hauptstadt der Welt sollte man jeden schönen Abend nutzen, und so startet dieser auf einer Dachterrasse, sechster Stock, die Aussicht entsprechend. Vor uns die Burg-und-Kirch… [+599 chars]",,de,'Eis'
https://www.stern.de/panorama/gletscher-wegen-heissem-sommer--in-bedauerlichem-zustand--35044974.html,https://www.stern.de/panorama/gletscher-wegen-heissem-sommer--in-bedauerlichem-zustand--35044974.html,0,www.stern.de,"Klimakrise: Deutsche Gletscher ""in bedauerlichem Zustand"" – Folgen für Wintersport",Die letzten Gletscher Deutschlands schmelzen immer schneller. Experten geben ihnen nur noch einige Jahre. An der Zugspitze könnte es auch Folgen für die Skisaison geben.,https://image.stern.de/35044976/t/wR/v1/w1440/r1.7778/-/07--bkwafoypyfv5axw800h600jpeg---c5568ac89b164445.jpg,2024-09-07T11:52:00Z,,"Die letzten Gletscher Deutschlands schmelzen immer schneller. Experten geben ihnen nur noch einige Jahre. An der Zugspitze könnte es auch Folgen für die Skisaison geben.
Wieder heiß: Einmal mehr war… [+6149 chars]",,de,'Eis'
https://www.faz.net/aktuell/gesellschaft/ungluecke/flugunglueck-in-brasilien-hinweis-auf-problem-mit-eisbildung-19969828.html,https://www.faz.net/aktuell/gesellschaft/ungluecke/flugunglueck-in-brasilien-hinweis-auf-problem-mit-eisbildung-19969828.html,0,www.faz.net,Flugzeugunglück in Brasilien: Co-Pilot sprach vor Absturz über „viel Eis“,Anfang August waren bei einem Flugzeugabsturz in Brasilien 62 Menschen ums Leben gekommen. Kurz vor dem Unglück sprachen die Piloten über Probleme bei der Enteisung der Maschine.,https://media0.faz.net/ppmedia/aktuell/gesellschaft/2781835983/1.9970212/facebook_teaser/kurz-nach-dem-unglueck.jpg,2024-09-07T13:56:34Z,,"Die Besatzung habe über Fehler des Enteisungssystems der Maschine geredet, sagte Cenipa-Ermittler Paulo Mendes Fróes. Zwei Minuten vor dem Absturz habe der Copilot von viel Eis gesprochen, wie auf de… [+541 chars]",,de,'Eis'
https://www.stern.de/reise/fernreisen/groenland--zu-fuss-zu-den-eisbergen-im-ewigen-licht-an-der-westkueste-35022718.html,https://www.stern.de/reise/fernreisen/groenland--zu-fuss-zu-den-eisbergen-im-ewigen-licht-an-der-westkueste-35022718.html,0,www.stern.de,Grönlands Westküste: Zu Fuß zu den Eisbergen im ewigen Licht,"In Grönland kann man auf dem Unesco-Welterbepfad zum Eisfjord und zu Drehorten einer Netflix-Serie wandern. Zu Besuch in den Orten Ilulissat, Ilimanaq und der Hauptstadt Nuuk.",https://image.stern.de/35022730/t/Jz/v3/w1440/r1.7778/-/6.jpg,2024-09-07T14:30:00Z,,"Ilulissat ist ein magischer Ort. ""Wenn ich bei der Zionskirche auf einem Felsen nahe am Wasser sitze"", sagt die Grönländerin Laali Berthelsen, ""fühle ich mich hier zu Hause. Dann rieche ich förmlich … [+3770 chars]",,de,'Eis'
https://www.zeit.de/zeit-magazin/wochenmarkt/2024-09/wein-eis-piscine-frankreich-bon-appetit,https://www.zeit.de/zeit-magazin/wochenmarkt/2024-09/wein-eis-piscine-frankreich-bon-appetit,0,www.zeit.de,Wein auf Eis: Erfrischt wie ein Sprung in den Pool,"Schorlen gelten in Frankreich als Verbrechen. Wein auf Eis wiederum, genannt Piscine, wird als Versprechen auf heiße Sommernächte glorifiziert. Liegt's an Alain Delon?",https://img.zeit.de/zeit-magazin/wochenmarkt/2024-09/wein-eis-piscine-frankreich-bon-appetit-bild/wide__1300x731,2024-09-07T15:09:33Z,,"Von Dunkerque bis Saint-Tropez: Die
 Sommerkolumne ""Bon appétit"" nimmt Sie mit auf eine kulinarische Reise 
durch unser Nachbarland.
Es gibt diese berühmte Szene im französischen Film La Piscine: … [+814 chars]",,de,'Eis'
https://www.stern.de/gesellschaft/regional/berlin-brandenburg/kriminalitaet--unbekannter-rammt-polizeiauto---polizisten-verletzt-35045196.html,https://www.stern.de/gesellschaft/regional/berlin-brandenburg/kriminalitaet--unbekannter-rammt-polizeiauto---polizisten-verletzt-35045196.html,0,www.stern.de,Kriminalität: Unbekannter rammt Polizeiauto - Polizisten verletzt,"Bei einer Polizeikontrolle gibt ein Fahrer plötzlich Gas, rammt mehrfach ein Polizeiauto und entwischt. Dabei schießt auch ein Polizist. Was ist passiert?",https://image.stern.de/35045198/t/aT/v2/w1440/r1.7778/-/07--46sltbwgdev20axw800h600jpeg---a6a47b3772c159a5.jpg,2024-09-07T16:05:01Z,,"Bei einer Polizeikontrolle gibt ein Fahrer plötzlich Gas, rammt mehrfach ein Polizeiauto und entwischt. Dabei schießt auch ein Polizist. Was ist passiert?
Ein Unbekannter ist am frühen Morgen in Ber… [+1189 chars]",,de,'Gas'
https://www.nzz.ch/finanzen/es-drohen-ein-finanzieller-schock-oder-sogar-kalte-winter-was-auf-hausbesitzer-zukommt-die-von-der-fernwaerme-abgehaengt-werden-ld.1845868,https://www.nzz.ch/finanzen/es-drohen-ein-finanzieller-schock-oder-sogar-kalte-winter-was-auf-hausbesitzer-zukommt-die-von-der-fernwaerme-abgehaengt-werden-ld.1845868,0,www.nzz.ch,"Es drohen ein finanzieller Schock oder sogar kalte Winter: Was auf Hausbesitzer zukommt, die von der Fernwärme abgehängt werden",In Städten wie Winterthur oder Luzern wird die Gasversorgung nach und nach eingestellt. Doch der Wechsel zu Fernwärme ist nicht flächendeckend möglich. Für betroffene Hausbesitzer wird es ungemütlich.,"https://img.nzz.ch/2023/04/06/a9838c6b-5dd5-427e-9ecc-cddd5f691a19.jpeg?width=1200&height=675&fit=bounds&quality=75&auto=webp&crop=4876,2743,x0,y339&wmark=nzz",2024-09-07T19:45:00Z,,"In immer mehr Wohnquartieren schlängeln sich künftig Pipelines für Fernwärme: Bauarbeiten für die Erweiterung des Wärmeverbunds Champagne in Biel.
Das Quartier heisst Birchermüsli kein Witz! , und d… [+8234 chars]",,de,'Gas'
https://www.diepresse.com/18833669/legionaere-als-stars-so-unamerikanisch-ist-der-us-sport,https://www.diepresse.com/18833669/legionaere-als-stars-so-unamerikanisch-ist-der-us-sport,0,www.diepresse.com,Legionäre als Stars: So (un)amerikanisch ist der US-Sport [premium],"Football ist sportliches US-Heiligtum, das spiegelt sich im Profilager wider. Die Eishockey-Elite ist indes längst international, und auch Baseball und Basketball haben Legionäre als Stars.",https://img.diepresse.com/public/incoming/aqwldp-1252183453/alternates/DPR_SOCIAL_MAGAZIN/1252183453,2024-09-08T11:37:53Z,,"Football ist sportliches US-Heiligtum, das spiegelt sich im Profilager wider. Die Eishockey-Elite ist indes längst international, und auch Baseball und Basketball haben Legionäre als Stars. 
Zum Ger… [+1757 chars]",,de,'Eis'
https://www.morgenpost.de/wirtschaft/article407184029/mcdonaldE28098s-chef-lueftet-geheimnis-um-defekte-eismaschinen.html,https://www.morgenpost.de/wirtschaft/article407184029/mcdonaldE28098s-chef-lueftet-geheimnis-um-defekte-eismaschinen.html,0,www.morgenpost.de,McDonald‘s-Chef lüftet Geheimnis um defekte Eismaschinen,"Kunden ärgern sich regelmäßig über Eismaschinen, die den Dienst verweigern. Doch warum streiken sie so häufig? Wir haben nachgefragt.",https://img.sparknews.funkemedien.de/407185260/407185260_1725619287_v16_9_1600.jpeg,2024-09-08T12:01:32Z,,"Berlin. Kunden ärgern sich regelmäßig über Eismaschinen, die den Dienst verweigern. Doch warum streiken sie so häufig? Wir haben nachgefragt.
Die Eismaschinen von McDonalds haben im Netz inzwischen … [+1543 chars]",,de,'Eis'
https://www.stern.de/wirtschaft/ninja-creami-eismaschine-fuer-138-statt-230-euro--die-top-deals-am-montag-30611494.html,https://www.stern.de/wirtschaft/ninja-creami-eismaschine-fuer-138-statt-230-euro--die-top-deals-am-montag-30611494.html,0,www.stern.de,Angebote im September: Ninja Eismaschine für 138 statt 230 Euro: Die Top-Deals am Montag,"Auf Schnäppchenjagd zu gehen, ist gar nicht so einfach: Meist muss man sich mühsam Angebote zusammensuchen. Hier bekommen Sie täglich lohnende Deals bequem auf einen Blick.",https://image.stern.de/35030330/t/lA/v5/w1440/r1.7778/-/deals-und-angebote-ninja-eismaschine-aufmacher.jpg,2024-09-09T05:39:00Z,,"Auf Schnäppchenjagd zu gehen, ist gar nicht so einfach: Meist muss man sich mühsam Angebote zusammensuchen. Hier bekommen Sie lohnende Deals bequem auf einen Blick. 
Vielleicht kennen Sie das: Um ei… [+5882 chars]",,de,'Eis'
https://tirol.orf.at/stories/3272301/,https://tirol.orf.at/stories/3272301/,0,tirol.orf.at,Neue Herausforderungen für Archäologen,"Der Taschachferner am Ende des Pitztales ist in den Jahren 1970 bis 1987 talwärts vorgestoßen. Jetzt liegt sein Ende Hunderte Höhenmeter über der damaligen Marke. Der Rückgang des Eises lässt archäologische Artefakte ausapern, die lange im Eis lagen. Das stel…",https://ibs.orf.at/tir?image=https%3A%2F%2Foekastatic.orf.at%2Fmims%2F2024%2F37%2F40%2Fcrops%2Fw%3D1200%2Ch%3D627%2Cq%3D75%2F2343883_master_893340_sss.jpg%3Fs%3D2c04e2e7ea8553b6fcf08e6b673aff07c90bf9a5,2024-09-09T07:00:00Z,,"Durch den sich weiter beschleunigenden Klimawandel werden nun Flächen eisfrei, die es mitunter sehr lange nicht waren. Auch Zeugnisse relativ junger Ereignisse, die gar nicht so lange tiefgekühlt dep… [+6544 chars]",,de,'Eis'
https://www.bild.de/sport/fussball/herrlich-ansteckend-super-spruch-ueber-klopps-zahnpasta-lachen-66deace7b9b4105011575739,https://www.bild.de/sport/fussball/herrlich-ansteckend-super-spruch-ueber-klopps-zahnpasta-lachen-66deace7b9b4105011575739,0,www.bild.de,Herrlich ansteckend! - Super Spruch über Klopps Zahnpasta-Lachen,Fußballexperte Marcel Reif kommentiert Klopps Million-Dollar-Smile – hier im Video!,"https://images.bild.de/66deace7b9b4105011575739/aa5cb564f3203459040563187f416ec6,9b35fe31?w=1280",2024-09-09T09:00:12Z,https://web.archive.org/web/20240909101145/https://www.bild.de/sport/fussball/herrlich-ansteckend-super-spruch-ueber-klopps-zahnpasta-lachen-66deace7b9b4105011575739,"Mehr zum Video anzeigen 
Fußballexperte Marcel Reif kommentiert Klopps Million-Dollar-Smile hier im Video!
Quelle: BILD09.09.2024 - 11:00 Uhr",,de,'Reif'
https://www.n-tv.de/leute/Stefan-Raab-steuert-den-Schoenheits-Doc-an-article25213926.html,https://www.n-tv.de/leute/Stefan-Raab-steuert-den-Schoenheits-Doc-an-article25213926.html,0,www.n-tv.de,"""Ach, du Scheiße!"": Stefan Raab steuert den Schönheits-Doc an","Fünf Tage, bevor er sich mit Regina Halmich kloppt, rührt Stefan Raab weiter die Werbetrommel für sein TV-Comeback. So veröffentlicht er nun erneut ein Video, das ihn vermeintlich komplett außer Form zeigt. Neben Fitness-Influencerin Pamela Reif spielt darin …",https://bilder4.n-tv.de/img/incoming/crop25213915/33813241-cImg_16_9-w1200/raab4.jpg,2024-09-09T09:09:12Z,,"Fünf Tage, bevor er sich mit Regina Halmich kloppt, rührt Stefan Raab weiter die Werbetrommel für sein TV-Comeback. So veröffentlicht er nun erneut ein Video, das ihn vermeintlich komplett außer Form… [+3092 chars]",,de,'Reif'
https://www.bild.de/sport/fussball/ist-das-der-grund-spannender-verdacht-zu-eberls-musiala-frust-66dead2d8534471e92b31abe,https://www.bild.de/sport/fussball/ist-das-der-grund-spannender-verdacht-zu-eberls-musiala-frust-66dead2d8534471e92b31abe,0,www.bild.de,Ist das der Grund? - Spannender Verdacht zu Eberls Musiala-Frust!,"Er fehlt beim Ballon d'Or: TV-Star Marcel Reif vermutet, warum DFB-Torschütze Jamal Musiala es nicht geschafft hat.","https://images.bild.de/66dead2d8534471e92b31abe/03b1cdfe30eb6ddce372369d40e28a26,a115e4c1?w=1280",2024-09-09T09:25:26Z,,"Mehr zum Video anzeigen 
Er fehlt beim Ballon d'Or: TV-Star Marcel Reif vermutet, warum DFB-Torschütze Jamal Musiala es nicht geschafft hat.
Quelle: BILD09.09.2024 - 11:26 Uhr",,de,'Reif'
https://www.welt.de/geschichte/kopf-des-tages/article233668998/Eiscreme-Diese-Frau-revolutionierte-die-Eisherstellung.html,https://www.welt.de/geschichte/kopf-des-tages/article233668998/Eiscreme-Diese-Frau-revolutionierte-die-Eisherstellung.html,0,www.welt.de,Diese Frau revolutionierte die Eisherstellung,"Lange war Eiscreme ein Luxus, den sich nur Reiche leisten konnten. Denn die Herstellung war zeitaufwendig und teuer. Das änderte sich erst in der Mitte des 19. Jahrhunderts – dank der Erfindung einer amerikanischen Hausfrau",https://img.welt.de/img/geschichte/kopf-des-tages/mobile233668996/4817938537-ci16x9-w1200/Nancy-M-Johnson.jpg,2024-09-09T11:52:46Z,,"Lange war Eiscreme ein Luxus, den sich nur Reiche leisten konnten. Denn die Herstellung war zeitaufwendig und teuer. Das änderte sich erst in der Mitte des 19. Jahrhunderts dank der Erfindung einer a… [+3773 chars]",,de,'Eis'
https://www.kicker.de/eiskalter-sinner-us-party-und-das-immer-selbe-lied-bei-zverev-1050005/artikel,https://www.kicker.de/eiskalter-sinner-us-party-und-das-immer-selbe-lied-bei-zverev-1050005/artikel,0,www.kicker.de,"Eiskalter Sinner, US-Party und das immer selbe Lied bei Zverev",Die US Open 2024 bei den Herren sind vorbei und haben mit Jannik Sinner einen verdienten Sieger hervorgebracht. Aber was bleibt von dem Turnier in Übersee? Der kicker hat fünf Erkenntnisse zusammengestellt.,https://derivates.kicker.de/image/upload/c_crop%2Cx_0%2Cy_0%2Cw_1000%2Ch_562/w_1200%2Cq_auto/v1/2024/09/09/c4235bcb-cecf-4e86-9cbc-40bb383f6e72.jpeg,2024-09-09T16:25:51Z,,Die US Open 2024 bei den Herren sind vorbei und haben mit Jannik Sinner einen verdienten Sieger hervorgebracht. Aber was bleibt von dem Turnier in Übersee? Der kicker hat fünf Erkenntnisse zusammenge… [+3951 chars],,de,'Eis'
https://www.basicthinking.de/blog/2024/09/09/besten-waermepumpen/,https://www.basicthinking.de/blog/2024/09/09/besten-waermepumpen/,0,www.basicthinking.de,Die besten Wärmepumpen? 11 Modelle im Vergleich,"Sie gelten als nachhaltig, umweltfreundlich und sind bei guter Dämmung auch wirtschaftlich: Wärmepumpen spielen beim Heizen ein immer größere Rolle. Doch nicht jedes Gerät funktioniert gleich gut. In unserem wöchentlichen Ranking zeigen wir dir deshalb elf Wä…",https://www.basicthinking.de/blog/wp-content/uploads/2024/09/besten-waermepumpen-vergleich.jpg,2024-09-09T18:00:44Z,,"Sie gelten als nachhaltig, umweltfreundlich und sind bei guter Dämmung auch wirtschaftlich: Wärmepumpen spielen beim Heizen ein immer größere Rolle. Doch nicht jedes Gerät funktioniert gleich gut. In… [+2067 chars]",,de,'Heizen'
https://www.stern.de/kultur/tv/-wer-wird-millionaer---marcel-reif-machte-kuchen-von-jauchs-frau-mies-35050392.html,https://www.stern.de/kultur/tv/-wer-wird-millionaer---marcel-reif-machte-kuchen-von-jauchs-frau-mies-35050392.html,0,www.stern.de,"""Wer wird Millionär"": Günther Jauch verrät, wie Marcel Reif einst den Kuchen seiner Frau mies machte","Bei ""Wer wird Millionär"" plaudert Günther Jauch aus dem Nähkästchen. Eine lustige Anekdote verrät: Marcel Reif würdigte einst den Kuchen seiner Frau nicht...",https://image.stern.de/35050458/t/eC/v3/w1440/r1.7778/-/wer-wird-millionaer.jpg,2024-09-09T21:24:00Z,,"Stellen Sie sich vor, sie laden ihren guten Freund zu Kaffee und Kuchen nach Hause ein. Ihre Frau (oder Ihr Mann) backt extra einen feinen Kuchen und der Gast sagt frech nach einem Stück, dass er kei… [+3064 chars]",,de,'Reif'
https://www.nzz.ch/zuerich/der-kanton-zuerich-muss-seine-plaene-fuer-eine-videoueberwachung-seiner-gebaeude-vorerst-auf-eis-legen-ld.1846911,https://www.nzz.ch/zuerich/der-kanton-zuerich-muss-seine-plaene-fuer-eine-videoueberwachung-seiner-gebaeude-vorerst-auf-eis-legen-ld.1846911,0,www.nzz.ch,Der Kanton Zürich muss seine Pläne für eine Videoüberwachung seiner Gebäude vorerst auf Eis legen,Eine kantonale Angestellte hat gegen die Kameras eine Beschwerde eingereicht. Deswegen kommt es nun zu Verzögerungen.,"https://img.nzz.ch/2024/09/06/1ae4bd97-01dc-4d3c-8959-36b040098528.jpeg?width=1200&height=674&fit=bounds&quality=75&auto=webp&crop=5244,2949,x0,y508&wmark=nzz",2024-09-10T03:35:00Z,https://web.archive.org/web/20240910045837/https://www.nzz.ch/zuerich/der-kanton-zuerich-muss-seine-plaene-fuer-eine-videoueberwachung-seiner-gebaeude-vorerst-auf-eis-legen-ld.1846911,"Kameras sind im urbanen Umfeld an vielen Orten zu finden.
Eigentlich hätte der Kanton Zürich ab Anfang September damit beginnen sollen, seine Gebäude mit Überwachungskameras auszurüsten. So sollten … [+2624 chars]",,de,'Eis'
https://www.bild.de/sport/mehr-sport/eishockey-dresden-hat-deutschlands-einzige-zwillings-wg-66dfd83462545b3e383c842a,https://www.bild.de/sport/mehr-sport/eishockey-dresden-hat-deutschlands-einzige-zwillings-wg-66dfd83462545b3e383c842a,0,www.bild.de,Einmalig im deutschen Eishockey - Das ist Dresdens erste Zwillings-WG,Sie sind Zwillinge und sorgen so für ein Novum im deutschen Eishockey: Die Neu-Dresdner Nicolas und Samuel Schindler (19). BILD erzählt ihre Geschichte.Foto: Olaf Rentsch,"https://images.bild.de/66dfd83462545b3e383c842a/3d69a0a028cf51bf0efeb08711a055a7,9e72d2c3?w=1280",2024-09-10T06:27:14Z,,"Was sich liebt, das neckt sich! 
Diese Eishockey-Profis sind Zwillinge, leben heute noch auf engstem Raum und stacheln sich gegenseitig zu Höchstleistungen an. Seit dieser Saison spielen Nicolas und… [+2922 chars]",,de,'Eis'
https://www.focus.de/panorama/wetter-in-deutschland-experte-warnt-vor-suedost-jahrtausendhochwasser-eis-und-schnee-moeglich_id_54933749.html,https://www.focus.de/panorama/wetter-in-deutschland-experte-warnt-vor-suedost-jahrtausendhochwasser-eis-und-schnee-moeglich_id_54933749.html,0,www.focus.de,Wetter im Ticker - Experte warnt vor „Südost-Jahrtausendhochwasser“ – Eis und Schnee möglich,"Nach dem vielerorts hochsommerlichen Start in den September wird es deutlich kühler - und nasser. Laut Experten könnte es schon bald zu verheerenden Regenmengen in Deutschland kommen. Meteorologen hoffen allerdings, dass die Erwartungen nicht zutreffen. Alle …",https://p6.focus.de/img/fotos/id_260293734/erneut-regen-83399229.jpg?im=Crop%3D%280%2C288%2C3464%2C1732%29%3BResize%3D%281200%2C627%29&impolicy=perceptual&quality=mediumHigh&hash=05a451e27c915a9e5ece0fa8127f95e7e240d1e5f3b2612f5ffeda7e34c3aee0,2024-09-10T07:19:07Z,https://web.archive.org/web/20240910115201/https://www.focus.de/panorama/wetter-in-deutschland-experte-warnt-vor-suedost-jahrtausendhochwasser-eis-und-schnee-moeglich_id_54933749.html,Nach dem vielerorts hochsommerlichen Start in den September wird es deutlich kühler - und nasser. Laut Experten könnte es schon bald zu verheerenden Regenmengen in Deutschland kommen. Meteorologen ho… [+6776 chars],,de,'Eis'
"https://www.gamestar.de/artikel/george-rr-martin-winds-of-winter-stress,3419306.html","https://www.gamestar.de/artikel/george-rr-martin-winds-of-winter-stress,3419306.html",0,www.gamestar.de,News: George R.R. Martin - Der Autor findet »kaum noch Freude« an seiner Arbeit und jetzt sind Fans sehr besorgt,Der Autor von Das Lied von Eis und Feuer gibt ein Update zu zwei geplanten Büchern. Doch das löst bei Fans vor allem Sorge um George R.R. Martin aus.,https://images.cgames.de/images/gamestar/4/game-of-thrones-season-8-reaktionen_6284371.jpg,2024-09-10T09:59:00Z,"https://web.archive.org/web/20240910105318/https://www.gamestar.de/artikel/george-rr-martin-winds-of-winter-stress,3419306.html","Nein, The Winds of Winter hat noch immer keinen Release-Termin. Bildquelle: Wikipedia Commons
George R.R. Martin hat alle Hände voll zu tun. Der Autor von Das Lied von Eis und Feuer arbeitet nicht n… [+3335 chars]",,de,'Eis'
https://www.zeit.de/news/2024-09/10/eishockeyspieler-verklagt-gegner-auf-schmerzensgeld,https://www.zeit.de/news/2024-09/10/eishockeyspieler-verklagt-gegner-auf-schmerzensgeld,0,www.zeit.de,Nach Unfall: Eishockeyspieler verklagt Gegner auf Schmerzensgeld,Hier finden Sie Informationen zu dem Thema „Nach Unfall“. Lesen Sie jetzt „Eishockeyspieler verklagt Gegner auf Schmerzensgeld“.,https://img.zeit.de/news/2024-09/10/eishockeyspieler-verklagt-gegner-auf-schmerzensgeld-image-group/wide__1300x731,2024-09-10T11:24:57Z,,Der querschnittsgelähmte Rosenheimer Eishockeyspieler Mike Glemser hat beim Landgericht München II eine Klage gegen seinen Gegenspieler auf Schmerzensgeld eingereicht. «Die Klage wurde uns am 27. Aug… [+1037 chars],,de,'Eis'
https://www.stern.de/gesellschaft/regional/bayern/nach-unfall--eishockeyspieler-verklagt-gegner-auf-schmerzensgeld-35052224.html,https://www.stern.de/gesellschaft/regional/bayern/nach-unfall--eishockeyspieler-verklagt-gegner-auf-schmerzensgeld-35052224.html,0,www.stern.de,Nach Unfall: Eishockeyspieler verklagt Gegner auf Schmerzensgeld,München - Der querschnittsgelähmte Rosenheimer Eishockeyspieler Mike Glemser hat beim Landgericht München II eine Klage gegen seinen Gegenspieler auf,https://image.stern.de/35052226/t/Gk/v1/w1440/r1.7778/-/10--wibv7e5ewyv11axw800h600jpeg---29f3940560a867d6.jpg,2024-09-10T11:24:57Z,https://web.archive.org/web/20240911003532/https://www.stern.de/gesellschaft/regional/bayern/nach-unfall--eishockeyspieler-verklagt-gegner-auf-schmerzensgeld-35052224.html,"Nach einem Horror-Unfall auf dem Eis ist Mike Glemser querschnittsgelähmt. Nun geht es um Schmerzensgeld.
Der querschnittsgelähmte Rosenheimer Eishockeyspieler Mike Glemser hat beim Landgericht Münc… [+1113 chars]",,de,'Eis'
https://www.faz.net/aktuell/sport/mehr-sport/eishockey-spieler-nach-check-querschnittsgelaehmt-nun-reicht-er-klage-ein-19975129.html,https://www.faz.net/aktuell/sport/mehr-sport/eishockey-spieler-nach-check-querschnittsgelaehmt-nun-reicht-er-klage-ein-19975129.html,0,www.faz.net,Querschnittsgelähmter Eishockeyspieler verklagt Gegner auf Schmerzensgeld,Nach einem Check seines Gegenspielers auf dem Eis ist der Rosenheimer Eishockeyspieler Mike Glemser querschnittsgelähmt. Nun fordert er Schmerzensgeld.,https://media0.faz.net/ppmedia/aktuell/sport/846937261/1.9975134/facebook_teaser/mike-glemser-beim-reha.jpg,2024-09-10T12:12:06Z,,Bei dem schweren Unfall war Glemser am 3. Februar 2023 in einem Oberliga-Spiel gegen den SC Riessersee nach einem Check seines Gegenspielers mit dem Kopf gegen die Bande geflogen. Dabei brachen ihm z… [+1432 chars],,de,'Eis'
https://www.sueddeutsche.de/muenchen/viktualienmarkt-nadir-guellue-baklava-altstadt-lux.UFicKnPmWyod9twXoYFFjd,https://www.sueddeutsche.de/muenchen/viktualienmarkt-nadir-guellue-baklava-altstadt-lux.UFicKnPmWyod9twXoYFFjd,0,www.sueddeutsche.de,Gastronomie in München: Baklava erobert den Viktualienmarkt,Aus einem kurzen Gastspiel wird ein dauerhaftes Angebot: Am Pop-up-Stand „Nadir Güllü“ wird die türkische Spezialität künftig täglich frisch aufgebacken. Die Stadt München erhofft sich mehr Zuspruch durch eine ganz bestimmte Zielgruppe.,https://www.sueddeutsche.de/2024/09/10/f3897fe1-cd3b-40a2-a4f5-6d6831a81dfc.jpeg?q=60&fm=webp&width=1200&rect=0%2C297%2C4000%2C2250,2024-09-10T12:40:17Z,https://web.archive.org/web/20240910150654/https://www.sueddeutsche.de/muenchen/viktualienmarkt-nadir-guellue-baklava-altstadt-lux.UFicKnPmWyod9twXoYFFjd,"Als das Pop-up vergangenen Herbst nur wenige Meter entfernt vom heutigen Stand an den Start ging, waren sämtliche Vorräte binnen weniger Stunden ausverkauft. Erst wollte Murat Güllü Ende Dezember abr… [+6690 chars]",,de,'Gas'
https://www.focus.de/finanzen/news/restaurants-salt-silver-cozy-sterne-gastronomie-macht-reihenweise-dicht-es-gibt-einen-neuen-trend_id_260300686.html,https://www.focus.de/finanzen/news/restaurants-salt-silver-cozy-sterne-gastronomie-macht-reihenweise-dicht-es-gibt-einen-neuen-trend_id_260300686.html,0,www.focus.de,Restaurants „Salt & Silver“ - „Sterne-Gastronomie macht reihenweise dicht – es gibt einen neuen Trend“,"Thomas Kosilowski und Johannes Riffelmacher, bekannt als „Cozy und Jo“, betreiben mit „Salt & Silver“ drei sehr angesagte, stets gut gebuchte Restaurants. Die Gastromarke wächst. Was machen die beiden anders? Wir haben mit Cozy (35) gesprochen.",https://p6.focus.de/img/fotos/id_260300678/saltsilver2.jpg?im=Crop%3D%280%2C166%2C2000%2C1000%29%3BResize%3D%281200%2C627%29&impolicy=perceptual&quality=mediumHigh&hash=02014fdad82ec736bcb699ca370606155c262854351115e27603efcd99152bf5,2024-09-11T07:36:01Z,https://web.archive.org/web/20240911090551/https://www.focus.de/finanzen/news/restaurants-salt-silver-cozy-sterne-gastronomie-macht-reihenweise-dicht-es-gibt-einen-neuen-trend_id_260300686.html,"Thomas Kosilowski und Johannes Riffelmacher, bekannt als Cozy und Jo, betreiben mit Salt &amp; Silver drei sehr angesagte, stets gut gebuchte Restaurants. Die Gastromarke wächst. Was machen die beide… [+9139 chars]",,de,'Gas'
https://www.focus.de/regional/wetter/wetterwarnung-meteorologe-warnt-vor-katastrophalem-hochwasser-sogar-eis-und-schnee-sind-moeglich_id_260302108.html,https://www.focus.de/regional/wetter/wetterwarnung-meteorologe-warnt-vor-katastrophalem-hochwasser-sogar-eis-und-schnee-sind-moeglich_id_260302108.html,0,www.focus.de,Wetterwarnung - Meteorologe warnt vor katastrophalem Hochwasser – sogar Eis und Schnee sind möglich,"Nach dem vielerorts hochsommerlichen Start in den September wird es deutlich kühler - und nasser. Laut Experten könnte es schon bald zu verheerenden Regenmengen in Deutschland kommen. Meteorologen hoffen allerdings, dass die Erwartungen nicht zutreffen.",https://p6.focus.de/img/fotos/id_260293734/erneut-regen-83399229.jpg?im=Crop%3D%280%2C288%2C3464%2C1732%29%3BResize%3D%281200%2C627%29&impolicy=perceptual&quality=mediumHigh&hash=05a451e27c915a9e5ece0fa8127f95e7e240d1e5f3b2612f5ffeda7e34c3aee0,2024-09-11T09:26:31Z,https://web.archive.org/web/20240913204617/https://www.focus.de/regional/wetter/wetterwarnung-meteorologe-warnt-vor-katastrophalem-hochwasser-sogar-eis-und-schnee-sind-moeglich_id_260302108.html,Nach dem vielerorts hochsommerlichen Start in den September wird es deutlich kühler - und nasser. Laut Experten könnte es schon bald zu verheerenden Regenmengen in Deutschland kommen. Meteorologen ho… [+922 chars],,de,'Eis'
https://www.n-tv.de/politik/13-38-Ukrainische-Stadt-Pokrowsk-teilweise-ohne-Wasser-und-Gas--article23143824.html,https://www.n-tv.de/politik/13-38-Ukrainische-Stadt-Pokrowsk-teilweise-ohne-Wasser-und-Gas--article23143824.html,0,www.n-tv.de,Ukraine-Krieg im Liveticker: +++ 13:38 Ukrainische Stadt Pokrowsk teilweise ohne Wasser und Gas +++,Lesen Sie alle aktuellen Entwicklungen und Nachrichten über den russischen Angriffskrieg auf die Ukraine im Liveticker von ntv.de.,https://bilder3.n-tv.de/img/incoming/crop25117070/4231326595-cImg_16_9-w1200/Ukraine-Liveticker.jpg,2024-09-11T22:24:00Z,https://web.archive.org/web/20240912144238/https://www.n-tv.de/politik/13-38-Ukrainische-Stadt-Pokrowsk-teilweise-ohne-Wasser-und-Gas--article23143824.html,Nach russischen Angriffen gibt es in der Stadt Pokrowsk in der ukrainischen Region Donezk nach Angaben des dortigen Gouverneurs keine reguläre Trinkwasserversorgung und für viele Bewohner kein Gas me… [+14059 chars],,de,'Heizen'
https://www.focus.de/finanzen/news/wer-jetzt-nicht-den-gasanbieter-wechselt-ist-selbst-schuld_id_260302088.html,https://www.focus.de/finanzen/news/wer-jetzt-nicht-den-gasanbieter-wechselt-ist-selbst-schuld_id_260302088.html,0,www.focus.de,Günstigere Tarife als 2023 - Im besten Fall sparen Sie jetzt mehr als 1000 Euro beim Gasanbieter-Wechsel,"Sinkenden Temperaturen kündigen den Beginn der Heizperiode an. Haushalte mit Gasheizungen sollten nach turbulenten Wintern ihre Verträge prüfen. Sie können viel sparen. Denn auch dieser Winter dürfte turbulent werden, meinen Experten.Von FOCUS-online-Redakteu…",https://p6.focus.de/img/fotos/id_260302657/gettyimages-1667903295.jpg?im=Crop%3D%280%2C296%2C3464%2C1732%29%3BResize%3D%281200%2C627%29&impolicy=perceptual&quality=mediumHigh&hash=41f5b4a1bb96284a7f3670aaf01a11c67cb8df93a0e51df2e534094d2573fa00,2024-09-12T07:51:49Z,,Sinkenden Temperaturen kündigen den Beginn der Heizperiode an. Haushalte mit Gasheizungen sollten nach turbulenten Wintern ihre Verträge prüfen. Sie können viel sparen. Denn auch dieser Winter dürfte… [+4814 chars],,de,'Gas'
https://ooe.orf.at/stories/3272814/,https://ooe.orf.at/stories/3272814/,0,ooe.orf.at,ADX startet Gas-Probebohrung in St. Georgen,"Die ADX Vie, eine Tochterfirma des in Australien gelisteten Explorationsunternehmens ADX Energy, will in der letzten Septemberwoche mit einer Erdgas-Probebohrung in der oberösterreichischen Gemeinde St. Georgen im Attergau (Bezirk Vöcklabruck) beginnen.",https://ibs.orf.at/ooe?image=https%3A%2F%2Foekastatic.orf.at%2Fmims%2F2024%2F12%2F11%2Fcrops%2Fw%3D1200%2Ch%3D627%2Cq%3D75%2F2146014_master_812311_molln4.jpg%3Fs%3D4bdafabb9f16830a54ee4737b9b9d3cad0b6b9de,2024-09-12T11:44:06Z,,"Das teilte das Unternehmen in einer Aussendung am Donnerstag mit. Die Probebohrung werde etwa sechs Wochen dauern, die Testarbeiten im Anschluss weitere sechs Wochen in Anspruch nehmen, so das Untern… [+685 chars]",,de,'Gas'
https://www.stern.de/gesellschaft/regional/rheinland-pfalz-saarland/feuerwehr--austritt-von-fluessiggas-an-tankstelle-im-hunsrueck-35058926.html,https://www.stern.de/gesellschaft/regional/rheinland-pfalz-saarland/feuerwehr--austritt-von-fluessiggas-an-tankstelle-im-hunsrueck-35058926.html,0,www.stern.de,Feuerwehr: Austritt von Flüssiggas an Tankstelle im Hunsrück,Polizei und Feuerwehr sind im Rhein-Hunsrück-Kreis wegen eines Gasaustritts im Einsatz. Aus noch ungeklärter Ursache strömt dort Gas an einer Tankstelle aus.,https://image.stern.de/35058928/t/zM/v1/w1440/r1.7778/-/12--4vnu6pplybv13axw800h600jpeg---59a7b9e58f19624b.jpg,2024-09-12T12:24:30Z,,"Polizei und Feuerwehr sind im Rhein-Hunsrück-Kreis wegen eines Gasaustritts im Einsatz. Aus noch ungeklärter Ursache strömt dort Gas an einer Tankstelle aus.
An einer Tankstelle in Kastellaun (Rhein… [+454 chars]",,de,'Gas'
https://www.golem.de/sonstiges/zustimmung/auswahl.html?from=https://www.golem.de/news/anzeige-gas-pizzaofen-von-tefal-mit-fast-70-euro-rabatt-sichern-2409-188929.html&referer=https://t.co/c610736e0f,https://www.golem.de/sonstiges/zustimmung/auswahl.html?from=https://www.golem.de/news/anzeige-gas-pizzaofen-von-tefal-mit-fast-70-euro-rabatt-sichern-2409-188929.html&referer=https://t.co/c610736e0f,0,www.golem.de,Anzeige: Gas-Pizzaofen von Tefal mit fast 70 Euro Rabatt sichern,"Der Tefal Pizzaofen ermöglicht es, eine knusprige Pizza in 90 Sekunden zu backen. Bei Amazon ist er so günstig wie nie. (Technik/Hardware)",,2024-09-12T12:25:02Z,,"Besuchen Sie Golem.de wie gewohnt mit Werbung und Tracking,
 indem Sie der Nutzung aller Cookies zustimmen.
 Details zum Tracking finden Sie im Privacy Center.
Skript wurde nicht geladen. Informat… [+607 chars]",,de,'Gas'
https://www.diepresse.com/18854899/russland-liefert-wieder-mehr-gas-in-die-eu,https://www.diepresse.com/18854899/russland-liefert-wieder-mehr-gas-in-die-eu,0,www.diepresse.com,Russland liefert wieder mehr Gas in die EU,"Das Ziel, kein Öl und Gas mehr aus Russland zu importieren, rückt in die Ferne.",https://img.diepresse.com/public/incoming/91nmrc-BULGARIA-SERBIA/alternates/DPR_SOCIAL_NACHRICHTEN/BULGARIA-SERBIA,2024-09-12T13:05:56Z,,"Das Ziel, kein Öl und Gas mehr aus Russland zu importieren, rückt in die Ferne. 
Brüssel/Wien. Der Energiesektor bleibt für Russland weiterhin eine lukrative Einnahmequelle in der EU, um seinen Krie… [+1214 chars]",,de,'Gas'
https://t3n.de/news/treibhausgas-schaedlicher-klima-co2-loswerden-1644313/,https://t3n.de/news/treibhausgas-schaedlicher-klima-co2-loswerden-1644313/,0,t3n.de,Dieses Treibhausgas ist schädlicher fürs Klima als CO2 – Wie wir es loswerden,"Schwefelhexafluorid, kurz SF6, ist für Hochspannungsanlagen im Stromnetz und in der Windkraft unverzichtbar. Doch das Gas bleibt für 1.000 Jahre und länger in der Atmosphäre und heizt sie dabei auf. Und die Emissionen werden in Zukunft sogar noch schlimmer.we…",https://t3n.de/news/wp-content/uploads/2016/09/stromnetz-stromanbieter-web.de-energieversorger-stromkabel.jpg,2024-09-12T15:15:00Z,,"Wenn es um unser Stromnetz geht, ist derzeit ein ganz spezielles Gas nicht wegzudenken. Es dient dazu, Hochspannungstechnik zu isolieren und damit sicher zu machen. Es steckt aber auch in Windkraftan… [+7381 chars]",,de,'Gas'
